[
  {
    "model": "contenttypes.contenttype",
    "fields": {
      "app_label": "admin",
      "model": "logentry"
    }
  },
  {
    "model": "contenttypes.contenttype",
    "fields": {
      "app_label": "auth",
      "model": "permission"
    }
  },
  {
    "model": "contenttypes.contenttype",
    "fields": {
      "app_label": "auth",
      "model": "group"
    }
  },
  {
    "model": "contenttypes.contenttype",
    "fields": {
      "app_label": "contenttypes",
      "model": "contenttype"
    }
  },
  {
    "model": "contenttypes.contenttype",
    "fields": {
      "app_label": "sessions",
      "model": "session"
    }
  },
  {
    "model": "contenttypes.contenttype",
    "fields": {
      "app_label": "authtoken",
      "model": "token"
    }
  },
  {
    "model": "contenttypes.contenttype",
    "fields": {
      "app_label": "authtoken",
      "model": "tokenproxy"
    }
  },
  {
    "model": "contenttypes.contenttype",
    "fields": {
      "app_label": "authentication",
      "model": "userprofile"
    }
  },
  {
    "model": "contenttypes.contenttype",
    "fields": {
      "app_label": "authentication",
      "model": "usersession"
    }
  },
  {
    "model": "contenttypes.contenttype",
    "fields": {
      "app_label": "authentication",
      "model": "user"
    }
  },
  {
    "model": "contenttypes.contenttype",
    "fields": {
      "app_label": "clients",
      "model": "client"
    }
  },
  {
    "model": "contenttypes.contenttype",
    "fields": {
      "app_label": "organization",
      "model": "organization"
    }
  },
  {
    "model": "contenttypes.contenttype",
    "fields": {
      "app_label": "permissions",
      "model": "role"
    }
  },
  {
    "model": "contenttypes.contenttype",
    "fields": {
      "app_label": "commission",
      "model": "commission"
    }
  },
  {
    "model": "contenttypes.contenttype",
    "fields": {
      "app_label": "team",
      "model": "team"
    }
  },
  {
    "model": "contenttypes.contenttype",
    "fields": {
      "app_label": "project",
      "model": "project"
    }
  },
  {
    "model": "contenttypes.contenttype",
    "fields": {
      "app_label": "deals",
      "model": "deal"
    }
  },
  {
    "model": "contenttypes.contenttype",
    "fields": {
      "app_label": "deals",
      "model": "activitylog"
    }
  },
  {
    "model": "contenttypes.contenttype",
    "fields": {
      "app_label": "deals",
      "model": "payment"
    }
  },
  {
    "model": "contenttypes.contenttype",
    "fields": {
      "app_label": "deals",
      "model": "paymentinvoice"
    }
  },
  {
    "model": "contenttypes.contenttype",
    "fields": {
      "app_label": "deals",
      "model": "paymentapproval"
    }
  },
  {
    "model": "contenttypes.contenttype",
    "fields": {
      "app_label": "notifications",
      "model": "notificationsettings"
    }
  },
  {
    "model": "contenttypes.contenttype",
    "fields": {
      "app_label": "notifications",
      "model": "notificationtemplate"
    }
  },
  {
    "model": "contenttypes.contenttype",
    "fields": {
      "app_label": "notifications",
      "model": "notification"
    }
  },
  {
    "model": "contenttypes.contenttype",
    "fields": {
      "app_label": "Sales_dashboard",
      "model": "dailystreakrecord"
    }
  },
  {
    "model": "contenttypes.contenttype",
    "fields": {
      "app_label": "Verifier_dashboard",
      "model": "auditlogs"
    }
  },
  {
    "model": "sessions.session",
    "pk": "juyvkj130adqg78yki2asviu0aguzc3c",
    "fields": {
      "session_data": ".eJxVjEEOwiAQRe_C2hBgwKku3XsGMjBTqRpISrsy3l2bdKHb_977LxVpXUpcu8xxYnVWHtThd0yUH1I3wneqt6Zzq8s8Jb0peqddXxvL87K7fweFevnWjixbnwIYF4yMdKQTIloYjWQxws5iNhjAE3oZMoeBmR1TZmCxkNT7AwY3OKs:1uaqqx:X0Y8hYG1c_2_3N3ZABJkc6JuZRuZ79QekQdGLvQLanQ",
      "expire_date": "2025-07-13T08:10:27.086Z"
    }
  },
  {
    "model": "sessions.session",
    "pk": "tuoidulvgxey2mzbeg28s92kll4ri8px",
    "fields": {
      "session_data": ".eJxVjEEOwiAQRe_C2hBgwKku3XsGMjBTqRpISrsy3l2bdKHb_977LxVpXUpcu8xxYnVWHtThd0yUH1I3wneqt6Zzq8s8Jb0peqddXxvL87K7fweFevnWjixbnwIYF4yMdKQTIloYjWQxws5iNhjAE3oZMoeBmR1TZmCxkNT7AwY3OKs:1uaqqo:5bcxhfBomaLWA5tusKJMyY_lpuh1V_Z6HlumtnpVfu0",
      "expire_date": "2025-07-13T08:10:18.560Z"
    }
  },
  {
    "model": "auth.permission",
    "fields": {
      "name": "Can add log entry",
      "content_type": [
        "admin",
        "logentry"
      ],
      "codename": "add_logentry"
    }
  },
  {
    "model": "auth.permission",
    "fields": {
      "name": "Can change log entry",
      "content_type": [
        "admin",
        "logentry"
      ],
      "codename": "change_logentry"
    }
  },
  {
    "model": "auth.permission",
    "fields": {
      "name": "Can delete log entry",
      "content_type": [
        "admin",
        "logentry"
      ],
      "codename": "delete_logentry"
    }
  },
  {
    "model": "auth.permission",
    "fields": {
      "name": "Can view log entry",
      "content_type": [
        "admin",
        "logentry"
      ],
      "codename": "view_logentry"
    }
  },
  {
    "model": "auth.permission",
    "fields": {
      "name": "Can add permission",
      "content_type": [
        "auth",
        "permission"
      ],
      "codename": "add_permission"
    }
  },
  {
    "model": "auth.permission",
    "fields": {
      "name": "Can change permission",
      "content_type": [
        "auth",
        "permission"
      ],
      "codename": "change_permission"
    }
  },
  {
    "model": "auth.permission",
    "fields": {
      "name": "Can delete permission",
      "content_type": [
        "auth",
        "permission"
      ],
      "codename": "delete_permission"
    }
  },
  {
    "model": "auth.permission",
    "fields": {
      "name": "Can view permission",
      "content_type": [
        "auth",
        "permission"
      ],
      "codename": "view_permission"
    }
  },
  {
    "model": "auth.permission",
    "fields": {
      "name": "Can add group",
      "content_type": [
        "auth",
        "group"
      ],
      "codename": "add_group"
    }
  },
  {
    "model": "auth.permission",
    "fields": {
      "name": "Can change group",
      "content_type": [
        "auth",
        "group"
      ],
      "codename": "change_group"
    }
  },
  {
    "model": "auth.permission",
    "fields": {
      "name": "Can delete group",
      "content_type": [
        "auth",
        "group"
      ],
      "codename": "delete_group"
    }
  },
  {
    "model": "auth.permission",
    "fields": {
      "name": "Can view group",
      "content_type": [
        "auth",
        "group"
      ],
      "codename": "view_group"
    }
  },
  {
    "model": "auth.permission",
    "fields": {
      "name": "Can add content type",
      "content_type": [
        "contenttypes",
        "contenttype"
      ],
      "codename": "add_contenttype"
    }
  },
  {
    "model": "auth.permission",
    "fields": {
      "name": "Can change content type",
      "content_type": [
        "contenttypes",
        "contenttype"
      ],
      "codename": "change_contenttype"
    }
  },
  {
    "model": "auth.permission",
    "fields": {
      "name": "Can delete content type",
      "content_type": [
        "contenttypes",
        "contenttype"
      ],
      "codename": "delete_contenttype"
    }
  },
  {
    "model": "auth.permission",
    "fields": {
      "name": "Can view content type",
      "content_type": [
        "contenttypes",
        "contenttype"
      ],
      "codename": "view_contenttype"
    }
  },
  {
    "model": "auth.permission",
    "fields": {
      "name": "Can add session",
      "content_type": [
        "sessions",
        "session"
      ],
      "codename": "add_session"
    }
  },
  {
    "model": "auth.permission",
    "fields": {
      "name": "Can change session",
      "content_type": [
        "sessions",
        "session"
      ],
      "codename": "change_session"
    }
  },
  {
    "model": "auth.permission",
    "fields": {
      "name": "Can delete session",
      "content_type": [
        "sessions",
        "session"
      ],
      "codename": "delete_session"
    }
  },
  {
    "model": "auth.permission",
    "fields": {
      "name": "Can view session",
      "content_type": [
        "sessions",
        "session"
      ],
      "codename": "view_session"
    }
  },
  {
    "model": "auth.permission",
    "fields": {
      "name": "Can add Token",
      "content_type": [
        "authtoken",
        "token"
      ],
      "codename": "add_token"
    }
  },
  {
    "model": "auth.permission",
    "fields": {
      "name": "Can change Token",
      "content_type": [
        "authtoken",
        "token"
      ],
      "codename": "change_token"
    }
  },
  {
    "model": "auth.permission",
    "fields": {
      "name": "Can delete Token",
      "content_type": [
        "authtoken",
        "token"
      ],
      "codename": "delete_token"
    }
  },
  {
    "model": "auth.permission",
    "fields": {
      "name": "Can view Token",
      "content_type": [
        "authtoken",
        "token"
      ],
      "codename": "view_token"
    }
  },
  {
    "model": "auth.permission",
    "fields": {
      "name": "Can add Token",
      "content_type": [
        "authtoken",
        "tokenproxy"
      ],
      "codename": "add_tokenproxy"
    }
  },
  {
    "model": "auth.permission",
    "fields": {
      "name": "Can change Token",
      "content_type": [
        "authtoken",
        "tokenproxy"
      ],
      "codename": "change_tokenproxy"
    }
  },
  {
    "model": "auth.permission",
    "fields": {
      "name": "Can delete Token",
      "content_type": [
        "authtoken",
        "tokenproxy"
      ],
      "codename": "delete_tokenproxy"
    }
  },
  {
    "model": "auth.permission",
    "fields": {
      "name": "Can view Token",
      "content_type": [
        "authtoken",
        "tokenproxy"
      ],
      "codename": "view_tokenproxy"
    }
  },
  {
    "model": "auth.permission",
    "fields": {
      "name": "Can add user profile",
      "content_type": [
        "authentication",
        "userprofile"
      ],
      "codename": "add_userprofile"
    }
  },
  {
    "model": "auth.permission",
    "fields": {
      "name": "Can change user profile",
      "content_type": [
        "authentication",
        "userprofile"
      ],
      "codename": "change_userprofile"
    }
  },
  {
    "model": "auth.permission",
    "fields": {
      "name": "Can delete user profile",
      "content_type": [
        "authentication",
        "userprofile"
      ],
      "codename": "delete_userprofile"
    }
  },
  {
    "model": "auth.permission",
    "fields": {
      "name": "Can view user profile",
      "content_type": [
        "authentication",
        "userprofile"
      ],
      "codename": "view_userprofile"
    }
  },
  {
    "model": "auth.permission",
    "fields": {
      "name": "Can add user session",
      "content_type": [
        "authentication",
        "usersession"
      ],
      "codename": "add_usersession"
    }
  },
  {
    "model": "auth.permission",
    "fields": {
      "name": "Can change user session",
      "content_type": [
        "authentication",
        "usersession"
      ],
      "codename": "change_usersession"
    }
  },
  {
    "model": "auth.permission",
    "fields": {
      "name": "Can delete user session",
      "content_type": [
        "authentication",
        "usersession"
      ],
      "codename": "delete_usersession"
    }
  },
  {
    "model": "auth.permission",
    "fields": {
      "name": "Can view user session",
      "content_type": [
        "authentication",
        "usersession"
      ],
      "codename": "view_usersession"
    }
  },
  {
    "model": "auth.permission",
    "fields": {
      "name": "Can add user",
      "content_type": [
        "authentication",
        "user"
      ],
      "codename": "add_user"
    }
  },
  {
    "model": "auth.permission",
    "fields": {
      "name": "Can change user",
      "content_type": [
        "authentication",
        "user"
      ],
      "codename": "change_user"
    }
  },
  {
    "model": "auth.permission",
    "fields": {
      "name": "Can delete user",
      "content_type": [
        "authentication",
        "user"
      ],
      "codename": "delete_user"
    }
  },
  {
    "model": "auth.permission",
    "fields": {
      "name": "Can view user",
      "content_type": [
        "authentication",
        "user"
      ],
      "codename": "view_user"
    }
  },
  {
    "model": "auth.permission",
    "fields": {
      "name": "Can add Client",
      "content_type": [
        "clients",
        "client"
      ],
      "codename": "add_client"
    }
  },
  {
    "model": "auth.permission",
    "fields": {
      "name": "Can change Client",
      "content_type": [
        "clients",
        "client"
      ],
      "codename": "change_client"
    }
  },
  {
    "model": "auth.permission",
    "fields": {
      "name": "Can delete Client",
      "content_type": [
        "clients",
        "client"
      ],
      "codename": "delete_client"
    }
  },
  {
    "model": "auth.permission",
    "fields": {
      "name": "Can view Client",
      "content_type": [
        "clients",
        "client"
      ],
      "codename": "view_client"
    }
  },
  {
    "model": "auth.permission",
    "fields": {
      "name": "Can view all clients",
      "content_type": [
        "clients",
        "client"
      ],
      "codename": "view_all_clients"
    }
  },
  {
    "model": "auth.permission",
    "fields": {
      "name": "Can view own clients",
      "content_type": [
        "clients",
        "client"
      ],
      "codename": "view_own_clients"
    }
  },
  {
    "model": "auth.permission",
    "fields": {
      "name": "Can create a new client",
      "content_type": [
        "clients",
        "client"
      ],
      "codename": "create_new_client"
    }
  },
  {
    "model": "auth.permission",
    "fields": {
      "name": "Can edit client details",
      "content_type": [
        "clients",
        "client"
      ],
      "codename": "edit_client_details"
    }
  },
  {
    "model": "auth.permission",
    "fields": {
      "name": "Can delete a client",
      "content_type": [
        "clients",
        "client"
      ],
      "codename": "remove_client"
    }
  },
  {
    "model": "auth.permission",
    "fields": {
      "name": "Can add Organization",
      "content_type": [
        "organization",
        "organization"
      ],
      "codename": "add_organization"
    }
  },
  {
    "model": "auth.permission",
    "fields": {
      "name": "Can change Organization",
      "content_type": [
        "organization",
        "organization"
      ],
      "codename": "change_organization"
    }
  },
  {
    "model": "auth.permission",
    "fields": {
      "name": "Can delete Organization",
      "content_type": [
        "organization",
        "organization"
      ],
      "codename": "delete_organization"
    }
  },
  {
    "model": "auth.permission",
    "fields": {
      "name": "Can view Organization",
      "content_type": [
        "organization",
        "organization"
      ],
      "codename": "view_organization"
    }
  },
  {
    "model": "auth.permission",
    "fields": {
      "name": "Can add role",
      "content_type": [
        "permissions",
        "role"
      ],
      "codename": "add_role"
    }
  },
  {
    "model": "auth.permission",
    "fields": {
      "name": "Can change role",
      "content_type": [
        "permissions",
        "role"
      ],
      "codename": "change_role"
    }
  },
  {
    "model": "auth.permission",
    "fields": {
      "name": "Can delete role",
      "content_type": [
        "permissions",
        "role"
      ],
      "codename": "delete_role"
    }
  },
  {
    "model": "auth.permission",
    "fields": {
      "name": "Can view role",
      "content_type": [
        "permissions",
        "role"
      ],
      "codename": "view_role"
    }
  },
  {
    "model": "auth.permission",
    "fields": {
      "name": "Can add commission",
      "content_type": [
        "commission",
        "commission"
      ],
      "codename": "add_commission"
    }
  },
  {
    "model": "auth.permission",
    "fields": {
      "name": "Can change commission",
      "content_type": [
        "commission",
        "commission"
      ],
      "codename": "change_commission"
    }
  },
  {
    "model": "auth.permission",
    "fields": {
      "name": "Can delete commission",
      "content_type": [
        "commission",
        "commission"
      ],
      "codename": "delete_commission"
    }
  },
  {
    "model": "auth.permission",
    "fields": {
      "name": "Can view commission",
      "content_type": [
        "commission",
        "commission"
      ],
      "codename": "view_commission"
    }
  },
  {
    "model": "auth.permission",
    "fields": {
      "name": "Can add team",
      "content_type": [
        "team",
        "team"
      ],
      "codename": "add_team"
    }
  },
  {
    "model": "auth.permission",
    "fields": {
      "name": "Can change team",
      "content_type": [
        "team",
        "team"
      ],
      "codename": "change_team"
    }
  },
  {
    "model": "auth.permission",
    "fields": {
      "name": "Can delete team",
      "content_type": [
        "team",
        "team"
      ],
      "codename": "delete_team"
    }
  },
  {
    "model": "auth.permission",
    "fields": {
      "name": "Can view team",
      "content_type": [
        "team",
        "team"
      ],
      "codename": "view_team"
    }
  },
  {
    "model": "auth.permission",
    "fields": {
      "name": "Can view all teams",
      "content_type": [
        "team",
        "team"
      ],
      "codename": "view_all_teams"
    }
  },
  {
    "model": "auth.permission",
    "fields": {
      "name": "Can view own teams",
      "content_type": [
        "team",
        "team"
      ],
      "codename": "view_own_teams"
    }
  },
  {
    "model": "auth.permission",
    "fields": {
      "name": "Can create a new team",
      "content_type": [
        "team",
        "team"
      ],
      "codename": "create_new_team"
    }
  },
  {
    "model": "auth.permission",
    "fields": {
      "name": "Can edit team details",
      "content_type": [
        "team",
        "team"
      ],
      "codename": "edit_team_details"
    }
  },
  {
    "model": "auth.permission",
    "fields": {
      "name": "Can delete a team",
      "content_type": [
        "team",
        "team"
      ],
      "codename": "remove_team"
    }
  },
  {
    "model": "auth.permission",
    "fields": {
      "name": "Can add project",
      "content_type": [
        "project",
        "project"
      ],
      "codename": "add_project"
    }
  },
  {
    "model": "auth.permission",
    "fields": {
      "name": "Can change project",
      "content_type": [
        "project",
        "project"
      ],
      "codename": "change_project"
    }
  },
  {
    "model": "auth.permission",
    "fields": {
      "name": "Can delete project",
      "content_type": [
        "project",
        "project"
      ],
      "codename": "delete_project"
    }
  },
  {
    "model": "auth.permission",
    "fields": {
      "name": "Can view project",
      "content_type": [
        "project",
        "project"
      ],
      "codename": "view_project"
    }
  },
  {
    "model": "auth.permission",
    "fields": {
      "name": "Can add deal",
      "content_type": [
        "deals",
        "deal"
      ],
      "codename": "add_deal"
    }
  },
  {
    "model": "auth.permission",
    "fields": {
      "name": "Can change deal",
      "content_type": [
        "deals",
        "deal"
      ],
      "codename": "change_deal"
    }
  },
  {
    "model": "auth.permission",
    "fields": {
      "name": "Can delete deal",
      "content_type": [
        "deals",
        "deal"
      ],
      "codename": "delete_deal"
    }
  },
  {
    "model": "auth.permission",
    "fields": {
      "name": "Can view deal",
      "content_type": [
        "deals",
        "deal"
      ],
      "codename": "view_deal"
    }
  },
  {
    "model": "auth.permission",
    "fields": {
      "name": "Can manage invoices",
      "content_type": [
        "deals",
        "deal"
      ],
      "codename": "manage_invoices"
    }
  },
  {
    "model": "auth.permission",
    "fields": {
      "name": "Can access verification queue",
      "content_type": [
        "deals",
        "deal"
      ],
      "codename": "access_verification_queue"
    }
  },
  {
    "model": "auth.permission",
    "fields": {
      "name": "Can verify deal payments",
      "content_type": [
        "deals",
        "deal"
      ],
      "codename": "verify_deal_payment"
    }
  },
  {
    "model": "auth.permission",
    "fields": {
      "name": "Can manage refunds",
      "content_type": [
        "deals",
        "deal"
      ],
      "codename": "manage_refunds"
    }
  },
  {
    "model": "auth.permission",
    "fields": {
      "name": "Can verify payments",
      "content_type": [
        "deals",
        "deal"
      ],
      "codename": "verify_payments"
    }
  },
  {
    "model": "auth.permission",
    "fields": {
      "name": "Can add activity log",
      "content_type": [
        "deals",
        "activitylog"
      ],
      "codename": "add_activitylog"
    }
  },
  {
    "model": "auth.permission",
    "fields": {
      "name": "Can change activity log",
      "content_type": [
        "deals",
        "activitylog"
      ],
      "codename": "change_activitylog"
    }
  },
  {
    "model": "auth.permission",
    "fields": {
      "name": "Can delete activity log",
      "content_type": [
        "deals",
        "activitylog"
      ],
      "codename": "delete_activitylog"
    }
  },
  {
    "model": "auth.permission",
    "fields": {
      "name": "Can view activity log",
      "content_type": [
        "deals",
        "activitylog"
      ],
      "codename": "view_activitylog"
    }
  },
  {
    "model": "auth.permission",
    "fields": {
      "name": "Can add payment",
      "content_type": [
        "deals",
        "payment"
      ],
      "codename": "add_payment"
    }
  },
  {
    "model": "auth.permission",
    "fields": {
      "name": "Can change payment",
      "content_type": [
        "deals",
        "payment"
      ],
      "codename": "change_payment"
    }
  },
  {
    "model": "auth.permission",
    "fields": {
      "name": "Can delete payment",
      "content_type": [
        "deals",
        "payment"
      ],
      "codename": "delete_payment"
    }
  },
  {
    "model": "auth.permission",
    "fields": {
      "name": "Can view payment",
      "content_type": [
        "deals",
        "payment"
      ],
      "codename": "view_payment"
    }
  },
  {
    "model": "auth.permission",
    "fields": {
      "name": "Can add payment invoice",
      "content_type": [
        "deals",
        "paymentinvoice"
      ],
      "codename": "add_paymentinvoice"
    }
  },
  {
    "model": "auth.permission",
    "fields": {
      "name": "Can change payment invoice",
      "content_type": [
        "deals",
        "paymentinvoice"
      ],
      "codename": "change_paymentinvoice"
    }
  },
  {
    "model": "auth.permission",
    "fields": {
      "name": "Can delete payment invoice",
      "content_type": [
        "deals",
        "paymentinvoice"
      ],
      "codename": "delete_paymentinvoice"
    }
  },
  {
    "model": "auth.permission",
    "fields": {
      "name": "Can view payment invoice",
      "content_type": [
        "deals",
        "paymentinvoice"
      ],
      "codename": "view_paymentinvoice"
    }
  },
  {
    "model": "auth.permission",
    "fields": {
      "name": "Can add payment approval",
      "content_type": [
        "deals",
        "paymentapproval"
      ],
      "codename": "add_paymentapproval"
    }
  },
  {
    "model": "auth.permission",
    "fields": {
      "name": "Can change payment approval",
      "content_type": [
        "deals",
        "paymentapproval"
      ],
      "codename": "change_paymentapproval"
    }
  },
  {
    "model": "auth.permission",
    "fields": {
      "name": "Can delete payment approval",
      "content_type": [
        "deals",
        "paymentapproval"
      ],
      "codename": "delete_paymentapproval"
    }
  },
  {
    "model": "auth.permission",
    "fields": {
      "name": "Can view payment approval",
      "content_type": [
        "deals",
        "paymentapproval"
      ],
      "codename": "view_paymentapproval"
    }
  },
  {
    "model": "auth.permission",
    "fields": {
      "name": "Can add notification settings",
      "content_type": [
        "notifications",
        "notificationsettings"
      ],
      "codename": "add_notificationsettings"
    }
  },
  {
    "model": "auth.permission",
    "fields": {
      "name": "Can change notification settings",
      "content_type": [
        "notifications",
        "notificationsettings"
      ],
      "codename": "change_notificationsettings"
    }
  },
  {
    "model": "auth.permission",
    "fields": {
      "name": "Can delete notification settings",
      "content_type": [
        "notifications",
        "notificationsettings"
      ],
      "codename": "delete_notificationsettings"
    }
  },
  {
    "model": "auth.permission",
    "fields": {
      "name": "Can view notification settings",
      "content_type": [
        "notifications",
        "notificationsettings"
      ],
      "codename": "view_notificationsettings"
    }
  },
  {
    "model": "auth.permission",
    "fields": {
      "name": "Can add notification template",
      "content_type": [
        "notifications",
        "notificationtemplate"
      ],
      "codename": "add_notificationtemplate"
    }
  },
  {
    "model": "auth.permission",
    "fields": {
      "name": "Can change notification template",
      "content_type": [
        "notifications",
        "notificationtemplate"
      ],
      "codename": "change_notificationtemplate"
    }
  },
  {
    "model": "auth.permission",
    "fields": {
      "name": "Can delete notification template",
      "content_type": [
        "notifications",
        "notificationtemplate"
      ],
      "codename": "delete_notificationtemplate"
    }
  },
  {
    "model": "auth.permission",
    "fields": {
      "name": "Can view notification template",
      "content_type": [
        "notifications",
        "notificationtemplate"
      ],
      "codename": "view_notificationtemplate"
    }
  },
  {
    "model": "auth.permission",
    "fields": {
      "name": "Can add notification",
      "content_type": [
        "notifications",
        "notification"
      ],
      "codename": "add_notification"
    }
  },
  {
    "model": "auth.permission",
    "fields": {
      "name": "Can change notification",
      "content_type": [
        "notifications",
        "notification"
      ],
      "codename": "change_notification"
    }
  },
  {
    "model": "auth.permission",
    "fields": {
      "name": "Can delete notification",
      "content_type": [
        "notifications",
        "notification"
      ],
      "codename": "delete_notification"
    }
  },
  {
    "model": "auth.permission",
    "fields": {
      "name": "Can view notification",
      "content_type": [
        "notifications",
        "notification"
      ],
      "codename": "view_notification"
    }
  },
  {
    "model": "auth.permission",
    "fields": {
      "name": "Can add daily streak record",
      "content_type": [
        "Sales_dashboard",
        "dailystreakrecord"
      ],
      "codename": "add_dailystreakrecord"
    }
  },
  {
    "model": "auth.permission",
    "fields": {
      "name": "Can change daily streak record",
      "content_type": [
        "Sales_dashboard",
        "dailystreakrecord"
      ],
      "codename": "change_dailystreakrecord"
    }
  },
  {
    "model": "auth.permission",
    "fields": {
      "name": "Can delete daily streak record",
      "content_type": [
        "Sales_dashboard",
        "dailystreakrecord"
      ],
      "codename": "delete_dailystreakrecord"
    }
  },
  {
    "model": "auth.permission",
    "fields": {
      "name": "Can view daily streak record",
      "content_type": [
        "Sales_dashboard",
        "dailystreakrecord"
      ],
      "codename": "view_dailystreakrecord"
    }
  },
  {
    "model": "auth.permission",
    "fields": {
      "name": "Can add audit logs",
      "content_type": [
        "Verifier_dashboard",
        "auditlogs"
      ],
      "codename": "add_auditlogs"
    }
  },
  {
    "model": "auth.permission",
    "fields": {
      "name": "Can change audit logs",
      "content_type": [
        "Verifier_dashboard",
        "auditlogs"
      ],
      "codename": "change_auditlogs"
    }
  },
  {
    "model": "auth.permission",
    "fields": {
      "name": "Can delete audit logs",
      "content_type": [
        "Verifier_dashboard",
        "auditlogs"
      ],
      "codename": "delete_auditlogs"
    }
  },
  {
    "model": "auth.permission",
    "fields": {
      "name": "Can view audit logs",
      "content_type": [
        "Verifier_dashboard",
        "auditlogs"
      ],
      "codename": "view_auditlogs"
    }
  },
  {
    "model": "auth.permission",
    "fields": {
      "name": "Can view payment verification dashboard",
      "content_type": [
        "Verifier_dashboard",
        "auditlogs"
      ],
      "codename": "view_payment_verification_dashboard"
    }
  },
  {
    "model": "auth.permission",
    "fields": {
      "name": "Can view payment analytics",
      "content_type": [
        "Verifier_dashboard",
        "auditlogs"
      ],
      "codename": "view_payment_analytics"
    }
  },
  {
    "model": "auth.permission",
    "fields": {
      "name": "Can view audit logs",
      "content_type": [
        "Verifier_dashboard",
        "auditlogs"
      ],
      "codename": "view_audit_logs"
    }
  },
  {
    "model": "auth.permission",
    "fields": {
      "name": "Can view all deals",
      "content_type": [
        "deals",
        "deal"
      ],
      "codename": "view_all_deals"
    }
  },
  {
    "model": "auth.permission",
    "fields": {
      "name": "Can view own deals",
      "content_type": [
        "deals",
        "deal"
      ],
      "codename": "view_own_deals"
    }
  },
  {
    "model": "auth.permission",
    "fields": {
      "name": "Can create deal",
      "content_type": [
        "deals",
        "deal"
      ],
      "codename": "create_deal"
    }
  },
  {
    "model": "auth.permission",
    "fields": {
      "name": "Can edit deal",
      "content_type": [
        "deals",
        "deal"
      ],
      "codename": "edit_deal"
    }
  },
  {
    "model": "auth.permission",
    "fields": {
      "name": "Can log deal activity",
      "content_type": [
        "deals",
        "deal"
      ],
      "codename": "log_deal_activity"
    }
  },
  {
    "model": "auth.permission",
    "fields": {
      "name": "Can view all commissions",
      "content_type": [
        "commission",
        "commission"
      ],
      "codename": "view_all_commissions"
    }
  },
  {
    "model": "auth.permission",
    "fields": {
      "name": "Can create commission",
      "content_type": [
        "commission",
        "commission"
      ],
      "codename": "create_commission"
    }
  },
  {
    "model": "auth.permission",
    "fields": {
      "name": "Can edit commission",
      "content_type": [
        "commission",
        "commission"
      ],
      "codename": "edit_commission"
    }
  },
  {
    "model": "auth.permission",
    "fields": {
      "name": "Can view all projects",
      "content_type": [
        "project",
        "project"
      ],
      "codename": "view_all_projects"
    }
  },
  {
    "model": "auth.permission",
    "fields": {
      "name": "Can view own projects",
      "content_type": [
        "project",
        "project"
      ],
      "codename": "view_own_projects"
    }
  },
  {
    "model": "auth.permission",
    "fields": {
      "name": "Can create project",
      "content_type": [
        "project",
        "project"
      ],
      "codename": "create_project"
    }
  },
  {
    "model": "auth.permission",
    "fields": {
      "name": "Can edit project",
      "content_type": [
        "project",
        "project"
      ],
      "codename": "edit_project"
    }
  },
  {
    "model": "auth.permission",
    "fields": {
      "name": "Can view payment invoice",
      "content_type": [
        "deals",
        "deal"
      ],
      "codename": "view_paymentinvoice"
    }
  },
  {
    "model": "auth.permission",
    "fields": {
      "name": "Can create payment invoice",
      "content_type": [
        "deals",
        "deal"
      ],
      "codename": "create_paymentinvoice"
    }
  },
  {
    "model": "auth.permission",
    "fields": {
      "name": "Can edit payment invoice",
      "content_type": [
        "deals",
        "deal"
      ],
      "codename": "edit_paymentinvoice"
    }
  },
  {
    "model": "auth.permission",
    "fields": {
      "name": "Can delete payment invoice",
      "content_type": [
        "deals",
        "deal"
      ],
      "codename": "delete_paymentinvoice"
    }
  },
  {
    "model": "auth.permission",
    "fields": {
      "name": "Can view payment approval",
      "content_type": [
        "deals",
        "deal"
      ],
      "codename": "view_paymentapproval"
    }
  },
  {
    "model": "auth.permission",
    "fields": {
      "name": "Can create payment approval",
      "content_type": [
        "deals",
        "deal"
      ],
      "codename": "create_paymentapproval"
    }
  },
  {
    "model": "auth.permission",
    "fields": {
      "name": "Can edit payment approval",
      "content_type": [
        "deals",
        "deal"
      ],
      "codename": "edit_paymentapproval"
    }
  },
  {
    "model": "auth.permission",
    "fields": {
      "name": "Can delete payment approval",
      "content_type": [
        "deals",
        "deal"
      ],
      "codename": "delete_paymentapproval"
    }
  },
  {
    "model": "auth.permission",
    "fields": {
      "name": "Can manage roles",
      "content_type": [
        "Verifier_dashboard",
        "auditlogs"
      ],
      "codename": "can_manage_roles"
    }
  },
  {
    "model": "auth.permission",
    "fields": {
      "name": "Can create deal payment",
      "content_type": [
        "deals",
        "payment"
      ],
      "codename": "create_deal_payment"
    }
  },
  {
    "model": "auth.permission",
    "fields": {
      "name": "Can view deals for their team",
      "content_type": [
        "deals",
        "deal"
      ],
      "codename": "view_team_deals"
    }
  },
  {
    "model": "auth.permission",
    "fields": {
      "name": "Can view deals for their project",
      "content_type": [
        "deals",
        "deal"
      ],
      "codename": "view_project_deals"
    }
  },
  {
    "model": "authentication.user",
    "fields": {
      "password": "pbkdf2_sha256$1000000$oL2jN16QpaFC6K3H0iu4Xh$uHV8u8tt2C4l3gqkrbm1zZHAQdpoG0yMi5PlP8RsAsw=",
      "last_login": "2025-07-16T05:48:16.007Z",
      "is_superuser": true,
      "first_name": "Andrea",
      "last_name": "Waller",
      "is_staff": true,
      "is_active": true,
      "date_joined": "2025-07-14T09:22:54.357Z",
      "username": "superadmin",
      "email": "shishirkafle18@gmail.com",
      "organization": null,
      "role": 42,
      "team": null,
      "contact_number": null,
      "address": null,
      "status": "active",
      "must_change_password": false,
      "login_count": 2,
      "sales_target": "0.00",
      "streak": 5.0,
      "groups": [],
      "user_permissions": []
    }
  },
  {
    "model": "authentication.user",
    "fields": {
      "password": "pbkdf2_sha256$600000$3SyjGjNU1U5Ax9KYDLpv6b$cAXPeANyKTeD+vulq7Rsw6oxI2Q8UjPQQgoK5MrYzsg=",
      "last_login": null,
      "is_superuser": false,
      "first_name": "Cheyenne",
      "last_name": "Jones",
      "is_staff": false,
      "is_active": true,
      "date_joined": "2025-07-14T09:22:54.424Z",
      "username": "orgadmin",
      "email": "orgadmin@innovate.com",
      "organization": 16,
      "role": 48,
      "team": null,
      "contact_number": null,
      "address": null,
      "status": "active",
      "must_change_password": false,
      "login_count": 0,
      "sales_target": "0.00",
      "streak": 5.0,
      "groups": [],
      "user_permissions": []
    }
  },
  {
    "model": "authentication.user",
    "fields": {
      "password": "pbkdf2_sha256$600000$E2eoNhbiIMp4Bvr3pertIv$Y1L1RdNmT/6p+SScY0Jx3WsgVB8Y+PmUmvvYB5R7VEg=",
      "last_login": null,
      "is_superuser": false,
      "first_name": "Joshua",
      "last_name": "Bush",
      "is_staff": false,
      "is_active": true,
      "date_joined": "2025-07-14T09:22:54.486Z",
      "username": "salestest",
      "email": "sales@innovate.com",
      "organization": 16,
      "role": 44,
      "team": null,
      "contact_number": null,
      "address": null,
      "status": "active",
      "must_change_password": false,
      "login_count": 0,
      "sales_target": "67254.00",
      "streak": 0.0,
      "groups": [],
      "user_permissions": []
    }
  },
  {
    "model": "authentication.user",
    "fields": {
      "password": "pbkdf2_sha256$600000$OiwxkAuOE3JPGBcOQyYFB9$u8ENeaQwsNoD+XEgqTbR1hULb2XVhCtQlrC5vJh4NdU=",
      "last_login": null,
      "is_superuser": false,
      "first_name": "James",
      "last_name": "Munoz",
      "is_staff": false,
      "is_active": true,
      "date_joined": "2025-07-14T09:22:54.549Z",
      "username": "salespro",
      "email": "salespro@innovate.com",
      "organization": 16,
      "role": 44,
      "team": null,
      "contact_number": null,
      "address": null,
      "status": "active",
      "must_change_password": false,
      "login_count": 0,
      "sales_target": "71686.00",
      "streak": 0.0,
      "groups": [],
      "user_permissions": []
    }
  },
  {
    "model": "authentication.user",
    "fields": {
      "password": "pbkdf2_sha256$600000$YMp29UZKg8BmSGaJpOOcFH$QsnyouakyDwfKUF3GPRGxvoYdr27DaZ2rg1BYGB3SSk=",
      "last_login": null,
      "is_superuser": false,
      "first_name": "Bryan",
      "last_name": "Ramos",
      "is_staff": false,
      "is_active": true,
      "date_joined": "2025-07-14T09:22:54.611Z",
      "username": "verifier",
      "email": "verifier@innovate.com",
      "organization": 16,
      "role": 45,
      "team": null,
      "contact_number": null,
      "address": null,
      "status": "active",
      "must_change_password": false,
      "login_count": 0,
      "sales_target": "0.00",
      "streak": 5.0,
      "groups": [],
      "user_permissions": []
    }
  },
  {
    "model": "authentication.user",
    "fields": {
      "password": "pbkdf2_sha256$1000000$HwaC0eG20owcfsWNC3IrDv$owbanqPxQzKvr/MdPjallC9R3k0N0DvQgJMLI2naoGA=",
      "last_login": "2025-07-14T09:53:45.921Z",
      "is_superuser": false,
      "first_name": "Shishir",
      "last_name": "Kafle",
      "is_staff": false,
      "is_active": true,
      "date_joined": "2025-07-14T09:52:42.275Z",
      "username": "shishirkafle44@gmail.com",
      "email": "shishirkafle44@gmail.com",
      "organization": 41,
      "role": 51,
      "team": null,
      "contact_number": null,
      "address": null,
      "status": "active",
      "must_change_password": true,
      "login_count": 0,
      "sales_target": "0.00",
      "streak": 4.5,
      "groups": [],
      "user_permissions": []
    }
  },
  {
    "model": "authentication.user",
    "fields": {
      "password": "pbkdf2_sha256$1000000$8lf1cjnytW2cH0hfeHLebx$ZicbgmStUuVCmnx3pXBDMXDaxJs84/vPlqm9fuG/17s=",
      "last_login": "2025-07-16T03:47:07.154Z",
      "is_superuser": false,
      "first_name": "Shishir",
      "last_name": "Kafle",
      "is_staff": false,
      "is_active": true,
      "date_joined": "2025-07-14T09:58:47.270Z",
      "username": "shishirkafle1@gmail.com",
      "email": "applicants.brahmabytelab@gmail.com",
      "organization": 43,
      "role": 56,
      "team": null,
      "contact_number": null,
      "address": null,
      "status": "active",
      "must_change_password": false,
      "login_count": 0,
      "sales_target": "0.00",
      "streak": 3.5,
      "groups": [],
      "user_permissions": []
    }
  },
  {
    "model": "authentication.user",
    "fields": {
      "password": "pbkdf2_sha256$1000000$r51tGxbLzE0DmDnMIkoaWp$7DIZ/Siwgf+jKZ2T2oVom83kzRrOJg49OSK5Qoc4ctY=",
      "last_login": "2025-07-16T04:20:59.978Z",
      "is_superuser": false,
      "first_name": "Shishir",
      "last_name": "Kafle",
      "is_staff": false,
      "is_active": true,
      "date_joined": "2025-07-14T10:13:43.811Z",
      "username": "shishirkafle2",
      "email": "shishirkafle2@gmail.com",
      "organization": 43,
      "role": 58,
      "team": null,
      "contact_number": "+977-9762585334",
      "address": null,
      "status": "active",
      "must_change_password": false,
      "login_count": 2,
      "sales_target": "0.00",
      "streak": 3.5,
      "groups": [],
      "user_permissions": []
    }
  },
  {
    "model": "authentication.user",
    "fields": {
      "password": "pbkdf2_sha256$1000000$VhHrZTEABMjWgMOmLnCpLv$ZokN6QooAnHkYT+ZOnRLXsyw/X9d9HvGmP/jMRbRNMw=",
      "last_login": "2025-07-16T04:19:22.183Z",
      "is_superuser": false,
      "first_name": "Shishir",
      "last_name": "Karki",
      "is_staff": false,
      "is_active": true,
      "date_joined": "2025-07-14T10:19:12.116Z",
      "username": "shishirkafle4",
      "email": "shishirkafle4@gmail.com",
      "organization": 43,
      "role": 59,
      "team": null,
      "contact_number": "+977-9762585334",
      "address": null,
      "status": "active",
      "must_change_password": false,
      "login_count": 0,
      "sales_target": "0.00",
      "streak": 3.5,
      "groups": [],
      "user_permissions": []
    }
  },
  {
    "model": "authentication.user",
    "fields": {
      "password": "pbkdf2_sha256$1000000$ARK8uPJVfn59bhYzvyg9AT$sWB2msK7euNChS/pPelED0RJ2NXyDvJb+QJmqgrzsp4=",
      "last_login": null,
      "is_superuser": false,
      "first_name": "Sashi",
      "last_name": "Karki",
      "is_staff": false,
      "is_active": true,
      "date_joined": "2025-07-14T19:47:16.192Z",
      "username": "sashikarki7",
      "email": "sashikarki7@gmail.com",
      "organization": 43,
      "role": 61,
      "team": null,
      "contact_number": "+977-9876543210",
      "address": null,
      "status": "active",
      "must_change_password": true,
      "login_count": 0,
      "sales_target": "0.00",
      "streak": 5.0,
      "groups": [],
      "user_permissions": []
    }
  },
  {
    "model": "authentication.user",
    "fields": {
      "password": "pbkdf2_sha256$1000000$DjpF7o8Fmnbw4ZauhiHmD2$N+RuGPTwyDy4ERyTYoOyVESYzqQCNVvtQDMp21fWXzA=",
      "last_login": null,
      "is_superuser": false,
      "first_name": "Sashikala",
      "last_name": "karki",
      "is_staff": false,
      "is_active": true,
      "date_joined": "2025-07-14T19:48:02.697Z",
      "username": "Skarki1",
      "email": "Skarki1@gmail.com",
      "organization": 43,
      "role": 60,
      "team": null,
      "contact_number": "+977-9876543210",
      "address": null,
      "status": "active",
      "must_change_password": true,
      "login_count": 0,
      "sales_target": "0.00",
      "streak": 5.0,
      "groups": [],
      "user_permissions": []
    }
  },
  {
    "model": "authentication.user",
    "fields": {
      "password": "pbkdf2_sha256$600000$23vLKHK6UEvVT6V952Dbir$7z3AQDYYqoxTERbw5KS1Q9KfZH2NHPrIFbmrF7VUYtM=",
      "last_login": null,
      "is_superuser": false,
      "first_name": "Test",
      "last_name": "User",
      "is_staff": false,
      "is_active": true,
      "date_joined": "2025-07-14T20:16:39.113Z",
      "username": "test@example.com",
      "email": "test@example.com",
      "organization": null,
      "role": null,
      "team": null,
      "contact_number": null,
      "address": null,
      "status": "active",
      "must_change_password": false,
      "login_count": 0,
      "sales_target": "0.00",
      "streak": 5.0,
      "groups": [],
      "user_permissions": []
    }
  },
  {
    "model": "authentication.user",
    "fields": {
      "password": "pbkdf2_sha256$1000000$FbzylIUDfm7ZZy8QB9zdoM$6by4Od6915CoQi+M4t9XA/GLON212Yb/2uixWlbq8Tg=",
      "last_login": null,
      "is_superuser": false,
      "first_name": "Shishir",
      "last_name": "Khadka",
      "is_staff": false,
      "is_active": true,
      "date_joined": "2025-07-15T03:18:51.198Z",
      "username": "shishirkhadka1",
      "email": "shishirkhadka1@gmail.com",
      "organization": 43,
      "role": 58,
      "team": null,
      "contact_number": "+977-9876543210",
      "address": null,
      "status": "active",
      "must_change_password": true,
      "login_count": 0,
      "sales_target": "0.00",
      "streak": 5.0,
      "groups": [],
      "user_permissions": []
    }
  },
  {
    "model": "authentication.user",
    "fields": {
      "password": "pbkdf2_sha256$1000000$W00wGzyc3MNtAVJfn4TvE0$ejkglJUfJGfqM7eRN473z9NC3pjHmenT74qijyPlLPg=",
      "last_login": "2025-07-15T06:39:52.665Z",
      "is_superuser": false,
      "first_name": "Samip",
      "last_name": "Pokharel",
      "is_staff": false,
      "is_active": true,
      "date_joined": "2025-07-15T06:33:00.543Z",
      "username": "samip@gmail.com",
      "email": "samip@gmail.com",
      "organization": 51,
      "role": 82,
      "team": null,
      "contact_number": null,
      "address": null,
      "status": "active",
      "must_change_password": true,
      "login_count": 0,
      "sales_target": "0.00",
      "streak": 4.5,
      "groups": [],
      "user_permissions": []
    }
  },
  {
    "model": "authentication.user",
    "fields": {
      "password": "pbkdf2_sha256$1000000$qKhw9VucplbahqrDhW3uBS$Ql1fTgwxypdIw4tuldAaNTYk8dHeWTfeV7bpXBjaC7g=",
      "last_login": "2025-07-15T06:46:32.299Z",
      "is_superuser": false,
      "first_name": "Samip",
      "last_name": "Karki",
      "is_staff": false,
      "is_active": true,
      "date_joined": "2025-07-15T06:45:48.373Z",
      "username": "samip2@gmail.com",
      "email": "samip2@gmail.com",
      "organization": 53,
      "role": 83,
      "team": null,
      "contact_number": null,
      "address": null,
      "status": "active",
      "must_change_password": true,
      "login_count": 0,
      "sales_target": "0.00",
      "streak": 4.5,
      "groups": [],
      "user_permissions": []
    }
  },
  {
    "model": "authentication.user",
    "fields": {
      "password": "pbkdf2_sha256$1000000$Z6Mxdzk223IkBoQlBMmXTp$Vq8xUnFMAOUdZjbfuyLJSAvBahRZyiRYtFo7OS6u5Ms=",
      "last_login": "2025-07-15T09:32:05.991Z",
      "is_superuser": false,
      "first_name": "Shishir",
      "last_name": "Kafle",
      "is_staff": false,
      "is_active": true,
      "date_joined": "2025-07-15T09:31:32.261Z",
      "username": "shishirkafle77@gmail.com",
      "email": "shishirkafle77@gmail.com",
      "organization": null,
      "role": null,
      "team": null,
      "contact_number": null,
      "address": null,
      "status": "active",
      "must_change_password": true,
      "login_count": 0,
      "sales_target": "0.00",
      "streak": 4.5,
      "groups": [],
      "user_permissions": []
    }
  },
  {
    "model": "authentication.user",
    "fields": {
      "password": "pbkdf2_sha256$1000000$YdvnLTICsNjxNZzZVL4viw$Cx4Sm62jjR2pigrP9Om7mPauUx5aIftIQlrViWfq19I=",
      "last_login": "2025-07-15T09:40:16.822Z",
      "is_superuser": false,
      "first_name": "Shishir",
      "last_name": "Kafle",
      "is_staff": false,
      "is_active": true,
      "date_joined": "2025-07-15T09:39:32.697Z",
      "username": "shishirkafle99@gmail.com",
      "email": "shishirkafle99@gmail.com",
      "organization": null,
      "role": null,
      "team": null,
      "contact_number": null,
      "address": null,
      "status": "active",
      "must_change_password": true,
      "login_count": 0,
      "sales_target": "0.00",
      "streak": 4.5,
      "groups": [],
      "user_permissions": []
    }
  },
  {
    "model": "authentication.user",
    "fields": {
      "password": "pbkdf2_sha256$1000000$baqrLve1kPRwH4GtpXM07I$35KAVoP94ic0Wl+UBbCa8hkEO5vZVj+d8kWQ2L6mmpU=",
      "last_login": "2025-07-15T09:51:21.744Z",
      "is_superuser": false,
      "first_name": "Shishir",
      "last_name": "Kafle",
      "is_staff": false,
      "is_active": true,
      "date_joined": "2025-07-15T09:45:25.740Z",
      "username": "shishirkafle100@gmail.com",
      "email": "shishirkafle100@gmail.com",
      "organization": 60,
      "role": 95,
      "team": null,
      "contact_number": null,
      "address": null,
      "status": "active",
      "must_change_password": true,
      "login_count": 0,
      "sales_target": "0.00",
      "streak": 4.5,
      "groups": [],
      "user_permissions": []
    }
  },
  {
    "model": "authentication.user",
    "fields": {
      "password": "pbkdf2_sha256$1000000$cmqn9XRd50o04ZHLPiB250$uv7rhNybfV7apA1J9lIeiz7EgInL89yRqdFf3GwhNvk=",
      "last_login": null,
      "is_superuser": false,
      "first_name": "Shishir",
      "last_name": "Kafle",
      "is_staff": false,
      "is_active": true,
      "date_joined": "2025-07-15T09:47:01.599Z",
      "username": "shishirkafle101",
      "email": "shishirkafle101@gmail.com",
      "organization": 60,
      "role": 99,
      "team": null,
      "contact_number": "+977-9762585334",
      "address": null,
      "status": "active",
      "must_change_password": true,
      "login_count": 0,
      "sales_target": "0.00",
      "streak": 5.0,
      "groups": [],
      "user_permissions": []
    }
  },
  {
    "model": "authentication.user",
    "fields": {
      "password": "pbkdf2_sha256$1000000$4ARl9f8Blh8TsuwTJGLlfh$fSqK2enpzEeE1AFrHvGgAGI6j0tWGjDFe+UgO7rEdjg=",
      "last_login": "2025-07-15T09:50:26.157Z",
      "is_superuser": false,
      "first_name": "Shishir",
      "last_name": "Kafle",
      "is_staff": false,
      "is_active": true,
      "date_joined": "2025-07-15T09:50:07.122Z",
      "username": "shishirkafle102",
      "email": "shishirkafle102@gmail.com",
      "organization": 60,
      "role": 96,
      "team": null,
      "contact_number": "+977-9762585334",
      "address": null,
      "status": "active",
      "must_change_password": true,
      "login_count": 0,
      "sales_target": "0.00",
      "streak": 4.5,
      "groups": [],
      "user_permissions": []
    }
  },
  {
    "model": "authentication.user",
    "fields": {
      "password": "pbkdf2_sha256$1000000$2WT5DMosV659b9WYEp6BLK$S8Ifu4LQLu5xrCkEjfKEkjh2or9rUZD199vV/dCEytY=",
      "last_login": "2025-07-15T09:52:15.352Z",
      "is_superuser": false,
      "first_name": "Shishir",
      "last_name": "Kafle",
      "is_staff": false,
      "is_active": true,
      "date_joined": "2025-07-15T09:51:55.716Z",
      "username": "shishirkafle103",
      "email": "shishirkafle103@gmail.com",
      "organization": 60,
      "role": 97,
      "team": null,
      "contact_number": "+977-9762585334",
      "address": null,
      "status": "active",
      "must_change_password": true,
      "login_count": 0,
      "sales_target": "0.00",
      "streak": 4.5,
      "groups": [],
      "user_permissions": []
    }
  },
  {
    "model": "clients.client",
    "pk": 300,
    "fields": {
      "client_name": "Mr. Raman",
      "email": "raman@gmail.com",
      "phone_number": "+9779762585334",
      "nationality": "Nepalese",
      "created_at": "2025-07-14T10:17:10.184Z",
      "updated_at": "2025-07-14T10:17:17.079Z",
      "remarks": "rrrr",
      "satisfaction": "satisfied",
      "status": "pending",
      "created_by": [
        "shishirkafle2@gmail.com"
      ],
      "updated_by": [
        "shishirkafle2@gmail.com"
      ],
      "organization": 43
    }
  },
  {
    "model": "clients.client",
    "pk": 326,
    "fields": {
      "client_name": "Avinash Tiwari",
      "email": "avinashtiwari@gmail.com",
      "phone_number": "+9779862221193",
      "nationality": "Nepalese",
      "created_at": "2025-07-15T03:43:45.059Z",
      "updated_at": "2025-07-15T03:43:54.024Z",
      "remarks": "Rrrr",
      "satisfaction": "satisfied",
      "status": "clear",
      "created_by": [
        "shishirkafle2@gmail.com"
      ],
      "updated_by": [
        "shishirkafle2@gmail.com"
      ],
      "organization": 43
    }
  },
  {
    "model": "organization.organization",
    "pk": 43,
    "fields": {
      "name": "42",
      "description": null,
      "is_active": true,
      "sales_goal": "100000.00",
      "created_by": [
        "shishirkafle18@gmail.com"
      ],
      "created_at": "2025-07-14T09:58:47.258Z",
      "updated_at": "2025-07-14T09:58:47.258Z"
    }
  },
  {
    "model": "permissions.role",
    "pk": 56,
    "fields": {
      "name": "Organization Admin",
      "organization": 43,
      "permissions": [
        [
          "can_manage_roles",
          "Verifier_dashboard",
          "auditlogs"
        ],
        [
          "view_audit_logs",
          "Verifier_dashboard",
          "auditlogs"
        ],
        [
          "view_payment_analytics",
          "Verifier_dashboard",
          "auditlogs"
        ],
        [
          "view_payment_verification_dashboard",
          "Verifier_dashboard",
          "auditlogs"
        ],
        [
          "add_user",
          "authentication",
          "user"
        ],
        [
          "change_user",
          "authentication",
          "user"
        ],
        [
          "delete_user",
          "authentication",
          "user"
        ],
        [
          "view_user",
          "authentication",
          "user"
        ],
        [
          "add_client",
          "clients",
          "client"
        ],
        [
          "change_client",
          "clients",
          "client"
        ],
        [
          "create_new_client",
          "clients",
          "client"
        ],
        [
          "delete_client",
          "clients",
          "client"
        ],
        [
          "edit_client_details",
          "clients",
          "client"
        ],
        [
          "remove_client",
          "clients",
          "client"
        ],
        [
          "view_all_clients",
          "clients",
          "client"
        ],
        [
          "view_client",
          "clients",
          "client"
        ],
        [
          "view_own_clients",
          "clients",
          "client"
        ],
        [
          "add_commission",
          "commission",
          "commission"
        ],
        [
          "change_commission",
          "commission",
          "commission"
        ],
        [
          "create_commission",
          "commission",
          "commission"
        ],
        [
          "delete_commission",
          "commission",
          "commission"
        ],
        [
          "edit_commission",
          "commission",
          "commission"
        ],
        [
          "view_all_commissions",
          "commission",
          "commission"
        ],
        [
          "view_commission",
          "commission",
          "commission"
        ],
        [
          "access_verification_queue",
          "deals",
          "deal"
        ],
        [
          "add_deal",
          "deals",
          "deal"
        ],
        [
          "change_deal",
          "deals",
          "deal"
        ],
        [
          "create_deal",
          "deals",
          "deal"
        ],
        [
          "create_paymentapproval",
          "deals",
          "deal"
        ],
        [
          "create_paymentinvoice",
          "deals",
          "deal"
        ],
        [
          "delete_deal",
          "deals",
          "deal"
        ],
        [
          "delete_paymentapproval",
          "deals",
          "deal"
        ],
        [
          "delete_paymentinvoice",
          "deals",
          "deal"
        ],
        [
          "edit_deal",
          "deals",
          "deal"
        ],
        [
          "edit_paymentapproval",
          "deals",
          "deal"
        ],
        [
          "edit_paymentinvoice",
          "deals",
          "deal"
        ],
        [
          "log_deal_activity",
          "deals",
          "deal"
        ],
        [
          "manage_invoices",
          "deals",
          "deal"
        ],
        [
          "manage_refunds",
          "deals",
          "deal"
        ],
        [
          "verify_deal_payment",
          "deals",
          "deal"
        ],
        [
          "verify_payments",
          "deals",
          "deal"
        ],
        [
          "view_all_deals",
          "deals",
          "deal"
        ],
        [
          "view_deal",
          "deals",
          "deal"
        ],
        [
          "view_own_deals",
          "deals",
          "deal"
        ],
        [
          "view_paymentapproval",
          "deals",
          "deal"
        ],
        [
          "view_paymentinvoice",
          "deals",
          "deal"
        ],
        [
          "add_notification",
          "notifications",
          "notification"
        ],
        [
          "change_notification",
          "notifications",
          "notification"
        ],
        [
          "delete_notification",
          "notifications",
          "notification"
        ],
        [
          "view_notification",
          "notifications",
          "notification"
        ],
        [
          "add_project",
          "project",
          "project"
        ],
        [
          "change_project",
          "project",
          "project"
        ],
        [
          "create_project",
          "project",
          "project"
        ],
        [
          "delete_project",
          "project",
          "project"
        ],
        [
          "edit_project",
          "project",
          "project"
        ],
        [
          "view_all_projects",
          "project",
          "project"
        ],
        [
          "view_own_projects",
          "project",
          "project"
        ],
        [
          "view_project",
          "project",
          "project"
        ],
        [
          "add_team",
          "team",
          "team"
        ],
        [
          "change_team",
          "team",
          "team"
        ],
        [
          "create_new_team",
          "team",
          "team"
        ],
        [
          "delete_team",
          "team",
          "team"
        ],
        [
          "edit_team_details",
          "team",
          "team"
        ],
        [
          "remove_team",
          "team",
          "team"
        ],
        [
          "view_all_teams",
          "team",
          "team"
        ],
        [
          "view_own_teams",
          "team",
          "team"
        ],
        [
          "view_team",
          "team",
          "team"
        ]
      ]
    }
  },
  {
    "model": "permissions.role",
    "pk": 58,
    "fields": {
      "name": "Salesperson",
      "organization": 43,
      "permissions": [
        [
          "create_new_client",
          "clients",
          "client"
        ],
        [
          "edit_client_details",
          "clients",
          "client"
        ],
        [
          "remove_client",
          "clients",
          "client"
        ],
        [
          "view_own_clients",
          "clients",
          "client"
        ],
        [
          "create_commission",
          "commission",
          "commission"
        ],
        [
          "edit_commission",
          "commission",
          "commission"
        ],
        [
          "view_all_commissions",
          "commission",
          "commission"
        ],
        [
          "view_commission",
          "commission",
          "commission"
        ],
        [
          "create_deal",
          "deals",
          "deal"
        ],
        [
          "delete_deal",
          "deals",
          "deal"
        ],
        [
          "edit_deal",
          "deals",
          "deal"
        ],
        [
          "log_deal_activity",
          "deals",
          "deal"
        ],
        [
          "view_all_deals",
          "deals",
          "deal"
        ],
        [
          "view_own_deals",
          "deals",
          "deal"
        ],
        [
          "create_deal_payment",
          "deals",
          "payment"
        ],
        [
          "create_project",
          "project",
          "project"
        ],
        [
          "delete_project",
          "project",
          "project"
        ],
        [
          "edit_project",
          "project",
          "project"
        ],
        [
          "view_all_projects",
          "project",
          "project"
        ],
        [
          "view_own_projects",
          "project",
          "project"
        ],
        [
          "create_new_team",
          "team",
          "team"
        ],
        [
          "edit_team_details",
          "team",
          "team"
        ],
        [
          "remove_team",
          "team",
          "team"
        ],
        [
          "view_all_teams",
          "team",
          "team"
        ],
        [
          "view_own_teams",
          "team",
          "team"
        ]
      ]
    }
  },
  {
    "model": "permissions.role",
    "pk": 59,
    "fields": {
      "name": "Verifier",
      "organization": 43,
      "permissions": [
        [
          "view_audit_logs",
          "Verifier_dashboard",
          "auditlogs"
        ],
        [
          "view_payment_analytics",
          "Verifier_dashboard",
          "auditlogs"
        ],
        [
          "view_payment_verification_dashboard",
          "Verifier_dashboard",
          "auditlogs"
        ],
        [
          "view_all_clients",
          "clients",
          "client"
        ],
        [
          "view_own_clients",
          "clients",
          "client"
        ],
        [
          "access_verification_queue",
          "deals",
          "deal"
        ],
        [
          "create_paymentapproval",
          "deals",
          "deal"
        ],
        [
          "create_paymentinvoice",
          "deals",
          "deal"
        ],
        [
          "delete_paymentapproval",
          "deals",
          "deal"
        ],
        [
          "delete_paymentinvoice",
          "deals",
          "deal"
        ],
        [
          "edit_deal",
          "deals",
          "deal"
        ],
        [
          "edit_paymentapproval",
          "deals",
          "deal"
        ],
        [
          "edit_paymentinvoice",
          "deals",
          "deal"
        ],
        [
          "manage_invoices",
          "deals",
          "deal"
        ],
        [
          "manage_refunds",
          "deals",
          "deal"
        ],
        [
          "verify_deal_payment",
          "deals",
          "deal"
        ],
        [
          "verify_payments",
          "deals",
          "deal"
        ],
        [
          "view_all_deals",
          "deals",
          "deal"
        ],
        [
          "view_own_deals",
          "deals",
          "deal"
        ],
        [
          "view_paymentapproval",
          "deals",
          "deal"
        ],
        [
          "view_paymentinvoice",
          "deals",
          "deal"
        ]
      ]
    }
  },
  {
    "model": "permissions.role",
    "pk": 60,
    "fields": {
      "name": "Team Member",
      "organization": 43,
      "permissions": []
    }
  },
  {
    "model": "permissions.role",
    "pk": 61,
    "fields": {
      "name": "Supervisor",
      "organization": 43,
      "permissions": []
    }
  },
  {
    "model": "permissions.role",
    "pk": 72,
    "fields": {
      "name": "Super Admin",
      "organization": 43,
      "permissions": [
        [
          "add_dailystreakrecord",
          "Sales_dashboard",
          "dailystreakrecord"
        ],
        [
          "change_dailystreakrecord",
          "Sales_dashboard",
          "dailystreakrecord"
        ],
        [
          "delete_dailystreakrecord",
          "Sales_dashboard",
          "dailystreakrecord"
        ],
        [
          "view_dailystreakrecord",
          "Sales_dashboard",
          "dailystreakrecord"
        ],
        [
          "add_auditlogs",
          "Verifier_dashboard",
          "auditlogs"
        ],
        [
          "can_manage_roles",
          "Verifier_dashboard",
          "auditlogs"
        ],
        [
          "change_auditlogs",
          "Verifier_dashboard",
          "auditlogs"
        ],
        [
          "delete_auditlogs",
          "Verifier_dashboard",
          "auditlogs"
        ],
        [
          "view_audit_logs",
          "Verifier_dashboard",
          "auditlogs"
        ],
        [
          "view_auditlogs",
          "Verifier_dashboard",
          "auditlogs"
        ],
        [
          "view_payment_analytics",
          "Verifier_dashboard",
          "auditlogs"
        ],
        [
          "view_payment_verification_dashboard",
          "Verifier_dashboard",
          "auditlogs"
        ],
        [
          "add_logentry",
          "admin",
          "logentry"
        ],
        [
          "change_logentry",
          "admin",
          "logentry"
        ],
        [
          "delete_logentry",
          "admin",
          "logentry"
        ],
        [
          "view_logentry",
          "admin",
          "logentry"
        ],
        [
          "add_group",
          "auth",
          "group"
        ],
        [
          "change_group",
          "auth",
          "group"
        ],
        [
          "delete_group",
          "auth",
          "group"
        ],
        [
          "view_group",
          "auth",
          "group"
        ],
        [
          "add_permission",
          "auth",
          "permission"
        ],
        [
          "change_permission",
          "auth",
          "permission"
        ],
        [
          "delete_permission",
          "auth",
          "permission"
        ],
        [
          "view_permission",
          "auth",
          "permission"
        ],
        [
          "add_user",
          "authentication",
          "user"
        ],
        [
          "change_user",
          "authentication",
          "user"
        ],
        [
          "delete_user",
          "authentication",
          "user"
        ],
        [
          "view_user",
          "authentication",
          "user"
        ],
        [
          "add_userprofile",
          "authentication",
          "userprofile"
        ],
        [
          "change_userprofile",
          "authentication",
          "userprofile"
        ],
        [
          "delete_userprofile",
          "authentication",
          "userprofile"
        ],
        [
          "view_userprofile",
          "authentication",
          "userprofile"
        ],
        [
          "add_usersession",
          "authentication",
          "usersession"
        ],
        [
          "change_usersession",
          "authentication",
          "usersession"
        ],
        [
          "delete_usersession",
          "authentication",
          "usersession"
        ],
        [
          "view_usersession",
          "authentication",
          "usersession"
        ],
        [
          "add_token",
          "authtoken",
          "token"
        ],
        [
          "change_token",
          "authtoken",
          "token"
        ],
        [
          "delete_token",
          "authtoken",
          "token"
        ],
        [
          "view_token",
          "authtoken",
          "token"
        ],
        [
          "add_tokenproxy",
          "authtoken",
          "tokenproxy"
        ],
        [
          "change_tokenproxy",
          "authtoken",
          "tokenproxy"
        ],
        [
          "delete_tokenproxy",
          "authtoken",
          "tokenproxy"
        ],
        [
          "view_tokenproxy",
          "authtoken",
          "tokenproxy"
        ],
        [
          "add_client",
          "clients",
          "client"
        ],
        [
          "change_client",
          "clients",
          "client"
        ],
        [
          "create_new_client",
          "clients",
          "client"
        ],
        [
          "delete_client",
          "clients",
          "client"
        ],
        [
          "edit_client_details",
          "clients",
          "client"
        ],
        [
          "remove_client",
          "clients",
          "client"
        ],
        [
          "view_all_clients",
          "clients",
          "client"
        ],
        [
          "view_client",
          "clients",
          "client"
        ],
        [
          "view_own_clients",
          "clients",
          "client"
        ],
        [
          "add_commission",
          "commission",
          "commission"
        ],
        [
          "change_commission",
          "commission",
          "commission"
        ],
        [
          "create_commission",
          "commission",
          "commission"
        ],
        [
          "delete_commission",
          "commission",
          "commission"
        ],
        [
          "edit_commission",
          "commission",
          "commission"
        ],
        [
          "view_all_commissions",
          "commission",
          "commission"
        ],
        [
          "view_commission",
          "commission",
          "commission"
        ],
        [
          "add_contenttype",
          "contenttypes",
          "contenttype"
        ],
        [
          "change_contenttype",
          "contenttypes",
          "contenttype"
        ],
        [
          "delete_contenttype",
          "contenttypes",
          "contenttype"
        ],
        [
          "view_contenttype",
          "contenttypes",
          "contenttype"
        ],
        [
          "add_activitylog",
          "deals",
          "activitylog"
        ],
        [
          "change_activitylog",
          "deals",
          "activitylog"
        ],
        [
          "delete_activitylog",
          "deals",
          "activitylog"
        ],
        [
          "view_activitylog",
          "deals",
          "activitylog"
        ],
        [
          "access_verification_queue",
          "deals",
          "deal"
        ],
        [
          "add_deal",
          "deals",
          "deal"
        ],
        [
          "change_deal",
          "deals",
          "deal"
        ],
        [
          "create_deal",
          "deals",
          "deal"
        ],
        [
          "create_paymentapproval",
          "deals",
          "deal"
        ],
        [
          "create_paymentinvoice",
          "deals",
          "deal"
        ],
        [
          "delete_deal",
          "deals",
          "deal"
        ],
        [
          "delete_paymentapproval",
          "deals",
          "deal"
        ],
        [
          "delete_paymentinvoice",
          "deals",
          "deal"
        ],
        [
          "edit_deal",
          "deals",
          "deal"
        ],
        [
          "edit_paymentapproval",
          "deals",
          "deal"
        ],
        [
          "edit_paymentinvoice",
          "deals",
          "deal"
        ],
        [
          "log_deal_activity",
          "deals",
          "deal"
        ],
        [
          "manage_invoices",
          "deals",
          "deal"
        ],
        [
          "manage_refunds",
          "deals",
          "deal"
        ],
        [
          "verify_deal_payment",
          "deals",
          "deal"
        ],
        [
          "verify_payments",
          "deals",
          "deal"
        ],
        [
          "view_all_deals",
          "deals",
          "deal"
        ],
        [
          "view_deal",
          "deals",
          "deal"
        ],
        [
          "view_own_deals",
          "deals",
          "deal"
        ],
        [
          "view_paymentapproval",
          "deals",
          "deal"
        ],
        [
          "view_paymentinvoice",
          "deals",
          "deal"
        ],
        [
          "add_payment",
          "deals",
          "payment"
        ],
        [
          "change_payment",
          "deals",
          "payment"
        ],
        [
          "create_deal_payment",
          "deals",
          "payment"
        ],
        [
          "delete_payment",
          "deals",
          "payment"
        ],
        [
          "view_payment",
          "deals",
          "payment"
        ],
        [
          "add_paymentapproval",
          "deals",
          "paymentapproval"
        ],
        [
          "change_paymentapproval",
          "deals",
          "paymentapproval"
        ],
        [
          "delete_paymentapproval",
          "deals",
          "paymentapproval"
        ],
        [
          "view_paymentapproval",
          "deals",
          "paymentapproval"
        ],
        [
          "add_paymentinvoice",
          "deals",
          "paymentinvoice"
        ],
        [
          "change_paymentinvoice",
          "deals",
          "paymentinvoice"
        ],
        [
          "delete_paymentinvoice",
          "deals",
          "paymentinvoice"
        ],
        [
          "view_paymentinvoice",
          "deals",
          "paymentinvoice"
        ],
        [
          "add_notification",
          "notifications",
          "notification"
        ],
        [
          "change_notification",
          "notifications",
          "notification"
        ],
        [
          "delete_notification",
          "notifications",
          "notification"
        ],
        [
          "view_notification",
          "notifications",
          "notification"
        ],
        [
          "add_notificationsettings",
          "notifications",
          "notificationsettings"
        ],
        [
          "change_notificationsettings",
          "notifications",
          "notificationsettings"
        ],
        [
          "delete_notificationsettings",
          "notifications",
          "notificationsettings"
        ],
        [
          "view_notificationsettings",
          "notifications",
          "notificationsettings"
        ],
        [
          "add_notificationtemplate",
          "notifications",
          "notificationtemplate"
        ],
        [
          "change_notificationtemplate",
          "notifications",
          "notificationtemplate"
        ],
        [
          "delete_notificationtemplate",
          "notifications",
          "notificationtemplate"
        ],
        [
          "view_notificationtemplate",
          "notifications",
          "notificationtemplate"
        ],
        [
          "add_organization",
          "organization",
          "organization"
        ],
        [
          "change_organization",
          "organization",
          "organization"
        ],
        [
          "delete_organization",
          "organization",
          "organization"
        ],
        [
          "view_organization",
          "organization",
          "organization"
        ],
        [
          "add_role",
          "permissions",
          "role"
        ],
        [
          "change_role",
          "permissions",
          "role"
        ],
        [
          "delete_role",
          "permissions",
          "role"
        ],
        [
          "view_role",
          "permissions",
          "role"
        ],
        [
          "add_project",
          "project",
          "project"
        ],
        [
          "change_project",
          "project",
          "project"
        ],
        [
          "create_project",
          "project",
          "project"
        ],
        [
          "delete_project",
          "project",
          "project"
        ],
        [
          "edit_project",
          "project",
          "project"
        ],
        [
          "view_all_projects",
          "project",
          "project"
        ],
        [
          "view_own_projects",
          "project",
          "project"
        ],
        [
          "view_project",
          "project",
          "project"
        ],
        [
          "add_session",
          "sessions",
          "session"
        ],
        [
          "change_session",
          "sessions",
          "session"
        ],
        [
          "delete_session",
          "sessions",
          "session"
        ],
        [
          "view_session",
          "sessions",
          "session"
        ],
        [
          "add_team",
          "team",
          "team"
        ],
        [
          "change_team",
          "team",
          "team"
        ],
        [
          "create_new_team",
          "team",
          "team"
        ],
        [
          "delete_team",
          "team",
          "team"
        ],
        [
          "edit_team_details",
          "team",
          "team"
        ],
        [
          "remove_team",
          "team",
          "team"
        ],
        [
          "view_all_teams",
          "team",
          "team"
        ],
        [
          "view_own_teams",
          "team",
          "team"
        ],
        [
          "view_team",
          "team",
          "team"
        ]
      ]
    }
  },
  {
    "model": "commission.commission",
    "pk": 253,
    "fields": {
      "organization": 43,
      "user": [
        "shishirkafle2@gmail.com"
      ],
      "total_sales": "110000.00",
      "start_date": "2024-01-01",
      "end_date": "2024-12-31",
      "currency": "USD",
      "commission_rate": "50.00",
      "exchange_rate": "150.00",
      "bonus": "20000.00",
      "penalty": "0.00",
      "commission_amount": "55000.00",
      "total_commission": "8270000.00",
      "total_receivable": "8270000.00",
      "converted_amount": "16500000.00",
      "created_by": [
        "shishirkafle1@gmail.com"
      ],
      "updated_by": [
        "shishirkafle1@gmail.com"
      ],
      "created_at": "2025-07-14T19:05:29.070Z",
      "updated_at": "2025-07-16T04:11:58.190Z"
    }
  },
  {
    "model": "team.team",
    "pk": 39,
    "fields": {
      "name": "Team Alpha",
      "description": null,
      "organization": 43,
      "team_lead": [
        "sashikarki7@gmail.com"
      ],
      "contact_number": "9876543210",
      "created_by": [
        "shishirkafle1@gmail.com"
      ],
      "updated_by": null,
      "created_at": "2025-07-14T19:48:32.311Z",
      "updated_at": "2025-07-14T19:48:32.311Z",
      "members": [
        [
          "Skarki1@gmail.com"
        ]
      ],
      "projects": []
    }
  },
  {
    "model": "deals.deal",
    "pk": "04eefc8d-fe9a-4514-8cf2-82bf160c64d3",
    "fields": {
      "deal_id": "DLID0011",
      "organization": 43,
      "client": 326,
      "project": null,
      "created_by": [
        "shishirkafle2@gmail.com"
      ],
      "updated_by": [
        "shishirkafle2@gmail.com"
      ],
      "payment_status": "partial_payment",
      "source_type": "referral",
      "deal_name": "Mobile development",
      "deal_value": "10000.00",
      "currency": "USD",
      "deal_date": "2025-07-15",
      "due_date": "2025-07-19",
      "payment_method": "bank",
      "deal_remarks": "rrrr",
      "verification_status": "pending",
      "client_status": "pending",
      "version": "original",
      "created_at": "2025-07-15T04:15:31.693Z",
      "updated_at": "2025-07-15T04:15:31.693Z",
      "payment_count": 0
    }
  },
  {
    "model": "deals.deal",
    "pk": "2ab25928-f5fb-4eff-8cbe-f4d4418a988c",
    "fields": {
      "deal_id": "DLID0007",
      "organization": 43,
      "client": 326,
      "project": null,
      "created_by": [
        "shishirkafle2@gmail.com"
      ],
      "updated_by": [
        "shishirkafle2@gmail.com"
      ],
      "payment_status": "partial_payment",
      "source_type": "referral",
      "deal_name": "Mobile development",
      "deal_value": "10000.00",
      "currency": "USD",
      "deal_date": "2025-07-15",
      "due_date": "2025-07-26",
      "payment_method": "bank",
      "deal_remarks": "rrr",
      "verification_status": "pending",
      "client_status": "pending",
      "version": "original",
      "created_at": "2025-07-15T04:08:12.675Z",
      "updated_at": "2025-07-15T04:08:12.675Z",
      "payment_count": 0
    }
  },
  {
    "model": "deals.deal",
    "pk": "2ce3f18b-d4b3-492c-a206-314cab1a676e",
    "fields": {
      "deal_id": "DLID0004",
      "organization": 43,
      "client": 326,
      "project": null,
      "created_by": [
        "shishirkafle2@gmail.com"
      ],
      "updated_by": [
        "shishirkafle2@gmail.com"
      ],
      "payment_status": "partial_payment",
      "source_type": "instagram",
      "deal_name": "Web Developement",
      "deal_value": "10000.00",
      "currency": "AUD",
      "deal_date": "2025-07-15",
      "due_date": "2025-07-26",
      "payment_method": "cheque",
      "deal_remarks": "Deal created for the Web Development",
      "verification_status": "pending",
      "client_status": "pending",
      "version": "original",
      "created_at": "2025-07-15T03:48:21.942Z",
      "updated_at": "2025-07-15T03:48:21.942Z",
      "payment_count": 0
    }
  },
  {
    "model": "deals.deal",
    "pk": "6419929a-4bd7-45d5-bbdb-a19a0970e42c",
    "fields": {
      "deal_id": "DLID0003",
      "organization": 43,
      "client": 300,
      "project": null,
      "created_by": [
        "shishirkafle2@gmail.com"
      ],
      "updated_by": [
        "shishirkafle2@gmail.com"
      ],
      "payment_status": "full_payment",
      "source_type": "google",
      "deal_name": "Mobile development",
      "deal_value": "10000.00",
      "currency": "USD",
      "deal_date": "2025-07-14",
      "due_date": "2025-07-25",
      "payment_method": "cheque",
      "deal_remarks": "Deal for the Mobile Development.",
      "verification_status": "rejected",
      "client_status": "pending",
      "version": "edited",
      "created_at": "2025-07-14T15:22:11.060Z",
      "updated_at": "2025-07-14T17:52:59.107Z",
      "payment_count": 0
    }
  },
  {
    "model": "deals.deal",
    "pk": "725741da-ba53-4092-87d1-fa1d1c005ae1",
    "fields": {
      "deal_id": "DLID0005",
      "organization": 43,
      "client": 326,
      "project": null,
      "created_by": [
        "shishirkafle2@gmail.com"
      ],
      "updated_by": [
        "shishirkafle2@gmail.com"
      ],
      "payment_status": "partial_payment",
      "source_type": "google",
      "deal_name": "Mobile development",
      "deal_value": "250000.00",
      "currency": "USD",
      "deal_date": "2025-07-15",
      "due_date": "2025-07-19",
      "payment_method": "wallet",
      "deal_remarks": "Deal created for Mobile Development",
      "verification_status": "pending",
      "client_status": "pending",
      "version": "original",
      "created_at": "2025-07-15T03:58:53.438Z",
      "updated_at": "2025-07-15T03:58:53.438Z",
      "payment_count": 0
    }
  },
  {
    "model": "deals.deal",
    "pk": "7a500b2f-2b55-408a-b92f-2f285f36d75f",
    "fields": {
      "deal_id": "DLID0010",
      "organization": 43,
      "client": 326,
      "project": null,
      "created_by": [
        "shishirkafle2@gmail.com"
      ],
      "updated_by": [
        "shishirkafle2@gmail.com"
      ],
      "payment_status": "partial_payment",
      "source_type": "referral",
      "deal_name": "Mobile development",
      "deal_value": "10000.00",
      "currency": "USD",
      "deal_date": "2025-07-15",
      "due_date": "2025-07-19",
      "payment_method": "bank",
      "deal_remarks": "rrrr",
      "verification_status": "pending",
      "client_status": "pending",
      "version": "original",
      "created_at": "2025-07-15T04:15:29.573Z",
      "updated_at": "2025-07-15T04:15:29.573Z",
      "payment_count": 0
    }
  },
  {
    "model": "deals.deal",
    "pk": "87606447-d95e-4ea1-b150-e6d128d81a7f",
    "fields": {
      "deal_id": "DLID0006",
      "organization": 43,
      "client": 326,
      "project": null,
      "created_by": [
        "shishirkafle2@gmail.com"
      ],
      "updated_by": [
        "shishirkafle2@gmail.com"
      ],
      "payment_status": "partial_payment",
      "source_type": "referral",
      "deal_name": "Consulting Contract",
      "deal_value": "10000.00",
      "currency": "USD",
      "deal_date": "2025-07-15",
      "due_date": "2025-07-26",
      "payment_method": "bank",
      "deal_remarks": "Deal Created for Client Avinash",
      "verification_status": "pending",
      "client_status": "pending",
      "version": "original",
      "created_at": "2025-07-15T04:02:05.589Z",
      "updated_at": "2025-07-15T04:02:05.590Z",
      "payment_count": 0
    }
  },
  {
    "model": "deals.deal",
    "pk": "bfe98cd6-1fae-44be-8ecf-b31fb35288ce",
    "fields": {
      "deal_id": "DLID0012",
      "organization": 43,
      "client": 326,
      "project": null,
      "created_by": [
        "shishirkafle2@gmail.com"
      ],
      "updated_by": [
        "shishirkafle2@gmail.com"
      ],
      "payment_status": "partial_payment",
      "source_type": "google",
      "deal_name": "Mobile development",
      "deal_value": "10000.00",
      "currency": "USD",
      "deal_date": "2025-07-15",
      "due_date": "2025-07-19",
      "payment_method": "wallet",
      "deal_remarks": "rrrr",
      "verification_status": "rejected",
      "client_status": "pending",
      "version": "edited",
      "created_at": "2025-07-15T04:17:30.891Z",
      "updated_at": "2025-07-15T10:06:47.137Z",
      "payment_count": 0
    }
  },
  {
    "model": "deals.deal",
    "pk": "ce376aa2-a7e3-432c-8279-ab1bec9fb951",
    "fields": {
      "deal_id": "DLID0008",
      "organization": 43,
      "client": 300,
      "project": null,
      "created_by": [
        "shishirkafle2@gmail.com"
      ],
      "updated_by": [
        "shishirkafle2@gmail.com"
      ],
      "payment_status": "partial_payment",
      "source_type": "referral",
      "deal_name": "Mobile development",
      "deal_value": "10000.00",
      "currency": "USD",
      "deal_date": "2025-07-15",
      "due_date": "2025-07-19",
      "payment_method": "wallet",
      "deal_remarks": "rrrrr",
      "verification_status": "pending",
      "client_status": "pending",
      "version": "original",
      "created_at": "2025-07-15T04:12:48.034Z",
      "updated_at": "2025-07-15T04:12:48.034Z",
      "payment_count": 0
    }
  },
  {
    "model": "deals.deal",
    "pk": "d8e82101-883d-42cf-90cb-8f92f6fdcfa5",
    "fields": {
      "deal_id": "DLID0001",
      "organization": 43,
      "client": 300,
      "project": null,
      "created_by": [
        "shishirkafle2@gmail.com"
      ],
      "updated_by": [
        "shishirkafle2@gmail.com"
      ],
      "payment_status": "full_payment",
      "source_type": "google",
      "deal_name": "CRM Integration",
      "deal_value": "250000.00",
      "currency": "USD",
      "deal_date": "2025-07-14",
      "due_date": "2025-07-17",
      "payment_method": "cheque",
      "deal_remarks": "rrrrr",
      "verification_status": "rejected",
      "client_status": "pending",
      "version": "edited",
      "created_at": "2025-07-14T10:17:56.288Z",
      "updated_at": "2025-07-14T10:20:37.275Z",
      "payment_count": 0
    }
  },
  {
    "model": "deals.deal",
    "pk": "da24c668-6f58-4700-a40f-f613a013305d",
    "fields": {
      "deal_id": "DLID0009",
      "organization": 43,
      "client": 326,
      "project": null,
      "created_by": [
        "shishirkafle2@gmail.com"
      ],
      "updated_by": [
        "shishirkafle2@gmail.com"
      ],
      "payment_status": "partial_payment",
      "source_type": "referral",
      "deal_name": "Mobile development",
      "deal_value": "10000.00",
      "currency": "USD",
      "deal_date": "2025-07-15",
      "due_date": "2025-07-19",
      "payment_method": "bank",
      "deal_remarks": "rrrr",
      "verification_status": "pending",
      "client_status": "pending",
      "version": "original",
      "created_at": "2025-07-15T04:15:28.248Z",
      "updated_at": "2025-07-15T04:15:28.248Z",
      "payment_count": 0
    }
  },
  {
    "model": "deals.deal",
    "pk": "dfa3596c-bd49-4ced-8056-6c23b76336a8",
    "fields": {
      "deal_id": "DLID0002",
      "organization": 43,
      "client": 300,
      "project": null,
      "created_by": [
        "shishirkafle2@gmail.com"
      ],
      "updated_by": [
        "shishirkafle2@gmail.com"
      ],
      "payment_status": "full_payment",
      "source_type": "google",
      "deal_name": "Web Developement",
      "deal_value": "10000.00",
      "currency": "USD",
      "deal_date": "2025-07-14",
      "due_date": "2025-07-25",
      "payment_method": "cheque",
      "deal_remarks": "Web developemet",
      "verification_status": "verified",
      "client_status": "pending",
      "version": "edited",
      "created_at": "2025-07-14T14:59:33.258Z",
      "updated_at": "2025-07-14T17:42:35.860Z",
      "payment_count": 0
    }
  },
  {
    "model": "deals.deal",
    "pk": "fbf3f441-ce3a-4d51-be0c-c9107b8ca9e9",
    "fields": {
      "deal_id": "DLID0013",
      "organization": 43,
      "client": 326,
      "project": null,
      "created_by": [
        "shishirkafle2@gmail.com"
      ],
      "updated_by": [
        "shishirkafle2@gmail.com"
      ],
      "payment_status": "partial_payment",
      "source_type": "referral",
      "deal_name": "Mobile development",
      "deal_value": "100000.00",
      "currency": "USD",
      "deal_date": "2025-07-15",
      "due_date": "2025-07-19",
      "payment_method": "cheque",
      "deal_remarks": "rrrr",
      "verification_status": "verified",
      "client_status": "pending",
      "version": "edited",
      "created_at": "2025-07-15T04:23:02.746Z",
      "updated_at": "2025-07-15T14:08:27.161Z",
      "payment_count": 0
    }
  },
  {
    "model": "authtoken.token",
    "pk": "104a78c3a63653726d7ee5a143581724cc28bd3f",
    "fields": {
      "user": [
        "samip@gmail.com"
      ],
      "created": "2025-07-15T06:34:26.128Z"
    }
  },
  {
    "model": "authtoken.token",
    "pk": "187e88922965065b5e1c97773aca48b34c435632",
    "fields": {
      "user": [
        "samip2@gmail.com"
      ],
      "created": "2025-07-15T06:46:32.311Z"
    }
  },
  {
    "model": "authtoken.token",
    "pk": "1cd2f75df3eaaefd1d273e120da5455adafe59ec",
    "fields": {
      "user": [
        "shishirkafle44@gmail.com"
      ],
      "created": "2025-07-14T09:53:37.082Z"
    }
  },
  {
    "model": "authtoken.token",
    "pk": "30e18827f6fc7b895e365e2370a67395bef039ce",
    "fields": {
      "user": [
        "shishirkafle2@gmail.com"
      ],
      "created": "2025-07-14T10:14:05.997Z"
    }
  },
  {
    "model": "authtoken.token",
    "pk": "5c2c4b18f753e9000af5334e8e1a7b9e084a9848",
    "fields": {
      "user": [
        "shishirkafle1@gmail.com"
      ],
      "created": "2025-07-14T09:59:13.060Z"
    }
  },
  {
    "model": "authtoken.token",
    "pk": "68678dfa8eba80e1d1944ef253b57059ef504463",
    "fields": {
      "user": [
        "shishirkafle103@gmail.com"
      ],
      "created": "2025-07-15T09:52:15.359Z"
    }
  },
  {
    "model": "authtoken.token",
    "pk": "86506a0377708734c2df30102c3511a1fa3901bf",
    "fields": {
      "user": [
        "shishirkafle102@gmail.com"
      ],
      "created": "2025-07-15T09:50:26.165Z"
    }
  },
  {
    "model": "authtoken.token",
    "pk": "92a782a3a54f84578d9ae132e8fa09d24f75776d",
    "fields": {
      "user": [
        "shishirkafle100@gmail.com"
      ],
      "created": "2025-07-15T09:46:03.423Z"
    }
  },
  {
    "model": "authtoken.token",
    "pk": "93736e9685e284201db5d94533d12eb9200dbc6c",
    "fields": {
      "user": [
        "shishirkafle18@gmail.com"
      ],
      "created": "2025-07-14T09:23:33.631Z"
    }
  },
  {
    "model": "authtoken.token",
    "pk": "9f6cc8765c47097b3c1fe0c070b4341309e19230",
    "fields": {
      "user": [
        "shishirkafle77@gmail.com"
      ],
      "created": "2025-07-15T09:32:06.000Z"
    }
  },
  {
    "model": "authtoken.token",
    "pk": "ab16c951ec7232b09f82cf56a29df4ffa2dba92b",
    "fields": {
      "user": [
        "shishirkafle4@gmail.com"
      ],
      "created": "2025-07-14T10:19:36.191Z"
    }
  },
  {
    "model": "authtoken.token",
    "pk": "f2f894f1724b8432c443f2892e264618ff7ab1a5",
    "fields": {
      "user": [
        "shishirkafle99@gmail.com"
      ],
      "created": "2025-07-15T09:40:16.830Z"
    }
  }
]